year,snap_changes,medicaid_changes,medicaid_changes_add_provider
2025,0,-804,0
2026,-7961,-45176.08734,0
2027,-16116,-78247.88414,0
2028,-21645,-99375.54545,472
2029,-21744,-135794.0713,4715
2030,-21748,-158890.7326,6695
2031,-21565,-179737.4617,4715
2032,-24743,-192700.123,3725
2033,-25150,-209401.7166,2122
2034,-25268,-227832.3779,707
